id,t,origin,dest,service_preference
0,25200,314,4221,shared_only
1,25200,314,4221,shared_only
2,25200,4221,314,exclusive_only
3,25200,4221,314,exclusive_only
4,25560,314,4221,shared_only
5,25560,314,4221,shared_only
6,25560,4221,314,exclusive_only
7,25560,4221,314,exclusive_only
8,25920,314,4221,shared_only
9,25920,314,4221,shared_only
10,25920,4221,314,exclusive_only
11,25920,4221,314,exclusive_only
12,26280,314,4221,shared_only
13,26280,314,4221,shared_only
14,26280,4221,314,exclusive_only
15,26280,4221,314,exclusive_only
16,26640,314,4221,shared_only
17,26640,314,4221,shared_only
18,26640,4221,314,exclusive_only
19,26640,4221,314,exclusive_only
